file,line,type,commit,author,date,time,timezone,datetime,depth,length
style.css,1,css,5ae8f539,aaronmarasco,2026-04-03,22:18:00,-07:00,2026-04-03T22:18:00-07:00,0,4
style.css,2,css,5ae8f539,aaronmarasco,2026-04-03,22:18:00,-07:00,2026-04-03T22:18:00-07:00,1,43
style.css,3,css,5ae8f539,aaronmarasco,2026-04-03,22:18:00,-07:00,2026-04-03T22:18:00-07:00,0,42
style.css,4,css,5ae8f539,aaronmarasco,2026-04-03,22:18:00,-07:00,2026-04-03T22:18:00-07:00,0,0
style.css,5,css,5ae8f539,aaronmarasco,2026-04-03,22:18:00,-07:00,2026-04-03T22:18:00-07:00,1,23
style.css,6,css,e7ea7a1f,Aaron Marasco,2026-04-10,22:24:49,-07:00,2026-04-10T22:24:49-07:00,1,15
style.css,7,css,e7ea7a1f,Aaron Marasco,2026-04-10,22:24:49,-07:00,2026-04-10T22:24:49-07:00,1,18
style.css,8,css,e7ea7a1f,Aaron Marasco,2026-04-10,22:24:49,-07:00,2026-04-10T22:24:49-07:00,1,18
style.css,9,css,e7ea7a1f,Aaron Marasco,2026-04-10,22:24:49,-07:00,2026-04-10T22:24:49-07:00,0,0
style.css,10,css,e7ea7a1f,Aaron Marasco,2026-04-10,22:24:49,-07:00,2026-04-10T22:24:49-07:00,0,3
style.css,11,css,c74c0763,aaronmarasco,2026-04-18,23:55:56,-07:00,2026-04-18T23:55:56-07:00,1,39
style.css,12,css,e7ea7a1f,Aaron Marasco,2026-04-10,22:24:49,-07:00,2026-04-10T22:24:49-07:00,1,12
style.css,13,css,e7ea7a1f,Aaron Marasco,2026-04-10,22:24:49,-07:00,2026-04-10T22:24:49-07:00,1,17
style.css,14,css,c74c0763,aaronmarasco,2026-04-18,23:55:56,-07:00,2026-04-18T23:55:56-07:00,1,43
style.css,15,css,e7ea7a1f,Aaron Marasco,2026-04-10,22:24:49,-07:00,2026-04-10T22:24:49-07:00,0,0
style.css,16,css,e7ea7a1f,Aaron Marasco,2026-04-10,22:24:49,-07:00,2026-04-10T22:24:49-07:00,0,4
style.css,17,css,e7ea7a1f,Aaron Marasco,2026-04-10,22:24:49,-07:00,2026-04-10T22:24:49-07:00,1,6
style.css,18,css,e7ea7a1f,Aaron Marasco,2026-04-10,22:24:49,-07:00,2026-04-10T22:24:49-07:00,1,20
style.css,19,css,e7ea7a1f,Aaron Marasco,2026-04-10,22:24:49,-07:00,2026-04-10T22:24:49-07:00,1,13
style.css,20,css,e7ea7a1f,Aaron Marasco,2026-04-10,22:24:49,-07:00,2026-04-10T22:24:49-07:00,1,17
style.css,21,css,e7ea7a1f,Aaron Marasco,2026-04-10,22:24:49,-07:00,2026-04-10T22:24:49-07:00,1,13
style.css,22,css,e7ea7a1f,Aaron Marasco,2026-04-10,22:24:49,-07:00,2026-04-10T22:24:49-07:00,0,0
style.css,23,css,e7ea7a1f,Aaron Marasco,2026-04-10,22:24:49,-07:00,2026-04-10T22:24:49-07:00,0,8
style.css,24,css,c74c0763,aaronmarasco,2026-04-18,23:55:56,-07:00,2026-04-18T23:55:56-07:00,1,45
style.css,25,css,e7ea7a1f,Aaron Marasco,2026-04-10,22:24:49,-07:00,2026-04-10T22:24:49-07:00,1,20
style.css,26,css,e7ea7a1f,Aaron Marasco,2026-04-10,22:24:49,-07:00,2026-04-10T22:24:49-07:00,0,0
style.css,27,css,e7ea7a1f,Aaron Marasco,2026-04-10,22:24:49,-07:00,2026-04-10T22:24:49-07:00,0,4
style.css,28,css,e7ea7a1f,Aaron Marasco,2026-04-10,22:24:49,-07:00,2026-04-10T22:24:49-07:00,2,31
style.css,29,css,e7ea7a1f,Aaron Marasco,2026-04-10,22:24:49,-07:00,2026-04-10T22:24:49-07:00,2,32
style.css,30,css,e7ea7a1f,Aaron Marasco,2026-04-10,22:24:49,-07:00,2026-04-10T22:24:49-07:00,0,0
style.css,31,css,e7ea7a1f,Aaron Marasco,2026-04-10,22:24:49,-07:00,2026-04-10T22:24:49-07:00,0,11
style.css,32,css,e7ea7a1f,Aaron Marasco,2026-04-10,22:24:49,-07:00,2026-04-10T22:24:49-07:00,2,45
style.css,33,css,e7ea7a1f,Aaron Marasco,2026-04-10,22:24:49,-07:00,2026-04-10T22:24:49-07:00,2,20
style.css,34,css,43d8d36c,aaronmarasco,2026-04-19,00:00:50,-07:00,2026-04-19T00:00:50-07:00,2,39
style.css,35,css,e7ea7a1f,Aaron Marasco,2026-04-10,22:24:49,-07:00,2026-04-10T22:24:49-07:00,0,0
style.css,36,css,c74c0763,aaronmarasco,2026-04-18,23:55:56,-07:00,2026-04-18T23:55:56-07:00,0,31
style.css,37,css,e7ea7a1f,Aaron Marasco,2026-04-10,22:24:49,-07:00,2026-04-10T22:24:49-07:00,2,12
style.css,38,css,e7ea7a1f,Aaron Marasco,2026-04-10,22:24:49,-07:00,2026-04-10T22:24:49-07:00,0,0
style.css,39,css,c74c0763,aaronmarasco,2026-04-18,23:55:56,-07:00,2026-04-18T23:55:56-07:00,0,0
style.css,40,css,c74c0763,aaronmarasco,2026-04-18,23:55:56,-07:00,2026-04-18T23:55:56-07:00,0,13
style.css,41,css,c74c0763,aaronmarasco,2026-04-18,23:55:56,-07:00,2026-04-18T23:55:56-07:00,1,17
style.css,42,css,c74c0763,aaronmarasco,2026-04-18,23:55:56,-07:00,2026-04-18T23:55:56-07:00,1,8
style.css,43,css,c74c0763,aaronmarasco,2026-04-18,23:55:56,-07:00,2026-04-18T23:55:56-07:00,1,10
style.css,44,css,c74c0763,aaronmarasco,2026-04-18,23:55:56,-07:00,2026-04-18T23:55:56-07:00,1,13
style.css,45,css,c74c0763,aaronmarasco,2026-04-18,23:55:56,-07:00,2026-04-18T23:55:56-07:00,0,0
style.css,46,css,e7ea7a1f,Aaron Marasco,2026-04-10,22:24:49,-07:00,2026-04-10T22:24:49-07:00,0,4
style.css,47,css,e7ea7a1f,Aaron Marasco,2026-04-10,22:24:49,-07:00,2026-04-10T22:24:49-07:00,2,12
style.css,48,css,e7ea7a1f,Aaron Marasco,2026-04-10,22:24:49,-07:00,2026-04-10T22:24:49-07:00,2,30
style.css,49,css,e7ea7a1f,Aaron Marasco,2026-04-10,22:24:49,-07:00,2026-04-10T22:24:49-07:00,2,7
style.css,50,css,e7ea7a1f,Aaron Marasco,2026-04-10,22:24:49,-07:00,2026-04-10T22:24:49-07:00,0,0
style.css,51,css,e7ea7a1f,Aaron Marasco,2026-04-10,22:24:49,-07:00,2026-04-10T22:24:49-07:00,0,0
style.css,52,css,e7ea7a1f,Aaron Marasco,2026-04-10,22:24:49,-07:00,2026-04-10T22:24:49-07:00,0,10
style.css,53,css,e7ea7a1f,Aaron Marasco,2026-04-10,22:24:49,-07:00,2026-04-10T22:24:49-07:00,2,12
style.css,54,css,e7ea7a1f,Aaron Marasco,2026-04-10,22:24:49,-07:00,2026-04-10T22:24:49-07:00,2,29
style.css,55,css,e7ea7a1f,Aaron Marasco,2026-04-10,22:24:49,-07:00,2026-04-10T22:24:49-07:00,2,18
style.css,56,css,e7ea7a1f,Aaron Marasco,2026-04-10,22:24:49,-07:00,2026-04-10T22:24:49-07:00,0,0
style.css,57,css,e7ea7a1f,Aaron Marasco,2026-04-10,22:24:49,-07:00,2026-04-10T22:24:49-07:00,0,0
style.css,58,css,e7ea7a1f,Aaron Marasco,2026-04-10,22:24:49,-07:00,2026-04-10T22:24:49-07:00,0,11
style.css,59,css,e7ea7a1f,Aaron Marasco,2026-04-10,22:24:49,-07:00,2026-04-10T22:24:49-07:00,2,18
style.css,60,css,03fee85b,Aaron Marasco,2026-04-10,22:56:31,-07:00,2026-04-10T22:56:31-07:00,0,0
style.css,61,css,03fee85b,Aaron Marasco,2026-04-10,22:56:31,-07:00,2026-04-10T22:56:31-07:00,0,9
style.css,62,css,03fee85b,Aaron Marasco,2026-04-10,22:56:31,-07:00,2026-04-10T22:56:31-07:00,1,12
style.css,63,css,03fee85b,Aaron Marasco,2026-04-10,22:56:31,-07:00,2026-04-10T22:56:31-07:00,1,58
style.css,64,css,03fee85b,Aaron Marasco,2026-04-10,22:56:31,-07:00,2026-04-10T22:56:31-07:00,1,7
style.css,65,css,03fee85b,Aaron Marasco,2026-04-10,22:56:31,-07:00,2026-04-10T22:56:31-07:00,0,0
style.css,66,css,03fee85b,Aaron Marasco,2026-04-10,22:56:31,-07:00,2026-04-10T22:56:31-07:00,0,17
style.css,67,css,03fee85b,Aaron Marasco,2026-04-10,22:56:31,-07:00,2026-04-10T22:56:31-07:00,1,12
style.css,68,css,03fee85b,Aaron Marasco,2026-04-10,22:56:31,-07:00,2026-04-10T22:56:31-07:00,1,26
style.css,69,css,03fee85b,Aaron Marasco,2026-04-10,22:56:31,-07:00,2026-04-10T22:56:31-07:00,1,15
style.css,70,css,03fee85b,Aaron Marasco,2026-04-10,22:56:31,-07:00,2026-04-10T22:56:31-07:00,0,0
style.css,71,css,03fee85b,Aaron Marasco,2026-04-10,22:56:31,-07:00,2026-04-10T22:56:31-07:00,0,12
style.css,72,css,03fee85b,Aaron Marasco,2026-04-10,22:56:31,-07:00,2026-04-10T22:56:31-07:00,1,8
style.css,73,css,03fee85b,Aaron Marasco,2026-04-10,22:56:31,-07:00,2026-04-10T22:56:31-07:00,0,0
style.css,74,css,03fee85b,Aaron Marasco,2026-04-10,22:56:31,-07:00,2026-04-10T22:56:31-07:00,0,2
style.css,75,css,03fee85b,Aaron Marasco,2026-04-10,22:56:31,-07:00,2026-04-10T22:56:31-07:00,2,14
style.css,76,css,03fee85b,Aaron Marasco,2026-04-10,22:56:31,-07:00,2026-04-10T22:56:31-07:00,0,0
style.css,77,css,03fee85b,Aaron Marasco,2026-04-10,22:56:31,-07:00,2026-04-10T22:56:31-07:00,0,22
style.css,78,css,03fee85b,Aaron Marasco,2026-04-10,22:56:31,-07:00,2026-04-10T22:56:31-07:00,2,15
style.css,79,css,03fee85b,Aaron Marasco,2026-04-10,22:56:31,-07:00,2026-04-10T22:56:31-07:00,2,17
style.css,80,css,bf7a03b4,Aaron Marasco,2026-04-10,23:18:28,-07:00,2026-04-10T23:18:28-07:00,0,0
style.css,81,css,bf7a03b4,Aaron Marasco,2026-04-10,23:18:28,-07:00,2026-04-10T23:18:28-07:00,0,10
style.css,82,css,bf7a03b4,Aaron Marasco,2026-04-10,23:18:28,-07:00,2026-04-10T23:18:28-07:00,2,17
style.css,83,css,bf7a03b4,Aaron Marasco,2026-04-10,23:18:28,-07:00,2026-04-10T23:18:28-07:00,0,0
style.css,84,css,bf7a03b4,Aaron Marasco,2026-04-10,23:18:28,-07:00,2026-04-10T23:18:28-07:00,0,0
style.css,85,css,bf7a03b4,Aaron Marasco,2026-04-10,23:18:28,-07:00,2026-04-10T23:18:28-07:00,0,11
style.css,86,css,bf7a03b4,Aaron Marasco,2026-04-10,23:18:28,-07:00,2026-04-10T23:18:28-07:00,2,17
style.css,87,css,bf7a03b4,Aaron Marasco,2026-04-10,23:18:28,-07:00,2026-04-10T23:18:28-07:00,0,0
style.css,88,css,bf7a03b4,Aaron Marasco,2026-04-10,23:18:28,-07:00,2026-04-10T23:18:28-07:00,0,0
style.css,89,css,bf7a03b4,Aaron Marasco,2026-04-10,23:18:28,-07:00,2026-04-10T23:18:28-07:00,0,10
style.css,90,css,c74c0763,aaronmarasco,2026-04-18,23:55:56,-07:00,2026-04-18T23:55:56-07:00,2,67
style.css,91,css,bf7a03b4,Aaron Marasco,2026-04-10,23:18:28,-07:00,2026-04-10T23:18:28-07:00,0,0
style.css,92,css,bf7a03b4,Aaron Marasco,2026-04-10,23:18:28,-07:00,2026-04-10T23:18:28-07:00,0,0
style.css,93,css,bf7a03b4,Aaron Marasco,2026-04-10,23:18:28,-07:00,2026-04-10T23:18:28-07:00,0,35
style.css,94,css,bf7a03b4,Aaron Marasco,2026-04-10,23:18:28,-07:00,2026-04-10T23:18:28-07:00,2,12
style.css,95,css,bf7a03b4,Aaron Marasco,2026-04-10,23:18:28,-07:00,2026-04-10T23:18:28-07:00,2,29
style.css,96,css,c74c0763,aaronmarasco,2026-04-18,23:55:56,-07:00,2026-04-18T23:55:56-07:00,0,0
style.css,97,css,1cbbd99a,aaronmarasco,2026-04-24,23:38:32,-07:00,2026-04-24T23:38:32-07:00,0,17
style.css,98,css,1cbbd99a,aaronmarasco,2026-04-24,23:38:32,-07:00,2026-04-24T23:38:32-07:00,1,12
style.css,99,css,1cbbd99a,aaronmarasco,2026-04-24,23:38:32,-07:00,2026-04-24T23:38:32-07:00,1,36
style.css,100,css,1cbbd99a,aaronmarasco,2026-04-24,23:38:32,-07:00,2026-04-24T23:38:32-07:00,1,9
style.css,101,css,1cbbd99a,aaronmarasco,2026-04-24,23:38:32,-07:00,2026-04-24T23:38:32-07:00,1,17
style.css,102,css,1cbbd99a,aaronmarasco,2026-04-24,23:38:32,-07:00,2026-04-24T23:38:32-07:00,1,8
style.css,103,css,1cbbd99a,aaronmarasco,2026-04-24,23:38:32,-07:00,2026-04-24T23:38:32-07:00,0,0
style.css,104,css,1cbbd99a,aaronmarasco,2026-04-24,23:38:32,-07:00,2026-04-24T23:38:32-07:00,0,0
style.css,105,css,1cbbd99a,aaronmarasco,2026-04-24,23:38:32,-07:00,2026-04-24T23:38:32-07:00,0,17
style.css,106,css,1cbbd99a,aaronmarasco,2026-04-24,23:38:32,-07:00,2026-04-24T23:38:32-07:00,1,10
style.css,107,css,1cbbd99a,aaronmarasco,2026-04-24,23:38:32,-07:00,2026-04-24T23:38:32-07:00,1,16
style.css,108,css,1cbbd99a,aaronmarasco,2026-04-24,23:38:32,-07:00,2026-04-24T23:38:32-07:00,0,0
style.css,109,css,1cbbd99a,aaronmarasco,2026-04-24,23:38:32,-07:00,2026-04-24T23:38:32-07:00,0,0
style.css,110,css,1cbbd99a,aaronmarasco,2026-04-24,23:38:32,-07:00,2026-04-24T23:38:32-07:00,0,17
style.css,111,css,1cbbd99a,aaronmarasco,2026-04-24,23:38:32,-07:00,2026-04-24T23:38:32-07:00,1,10
style.css,112,css,1cbbd99a,aaronmarasco,2026-04-24,23:38:32,-07:00,2026-04-24T23:38:32-07:00,1,8
style.css,113,css,1cbbd99a,aaronmarasco,2026-04-24,23:38:32,-07:00,2026-04-24T23:38:32-07:00,0,0
style.css,114,css,1cbbd99a,aaronmarasco,2026-04-24,23:38:32,-07:00,2026-04-24T23:38:32-07:00,0,0
style.css,115,css,c74c0763,aaronmarasco,2026-04-18,23:55:56,-07:00,2026-04-18T23:55:56-07:00,0,4
style.css,116,css,c74c0763,aaronmarasco,2026-04-18,23:55:56,-07:00,2026-04-18T23:55:56-07:00,1,23
style.css,117,css,c74c0763,aaronmarasco,2026-04-18,23:55:56,-07:00,2026-04-18T23:55:56-07:00,0,0
style.css,118,css,efbeb9d3,Aaron Marasco,2026-05-02,23:29:20,-07:00,2026-05-02T23:29:20-07:00,0,0
style.css,119,css,efbeb9d3,Aaron Marasco,2026-05-02,23:29:20,-07:00,2026-05-02T23:29:20-07:00,0,13
style.css,120,css,efbeb9d3,Aaron Marasco,2026-05-02,23:29:20,-07:00,2026-05-02T23:29:20-07:00,1,30
style.css,121,css,efbeb9d3,Aaron Marasco,2026-05-02,23:29:20,-07:00,2026-05-02T23:29:20-07:00,1,34
style.css,122,css,efbeb9d3,Aaron Marasco,2026-05-02,23:29:20,-07:00,2026-05-02T23:29:20-07:00,1,10
style.css,123,css,efbeb9d3,Aaron Marasco,2026-05-02,23:29:20,-07:00,2026-05-02T23:29:20-07:00,1,8
style.css,124,css,efbeb9d3,Aaron Marasco,2026-05-02,23:29:20,-07:00,2026-05-02T23:29:20-07:00,0,0
style.css,125,css,efbeb9d3,Aaron Marasco,2026-05-02,23:29:20,-07:00,2026-05-02T23:29:20-07:00,0,0
style.css,126,css,efbeb9d3,Aaron Marasco,2026-05-02,23:29:20,-07:00,2026-05-02T23:29:20-07:00,0,10
style.css,127,css,efbeb9d3,Aaron Marasco,2026-05-02,23:29:20,-07:00,2026-05-02T23:29:20-07:00,1,12
style.css,128,css,efbeb9d3,Aaron Marasco,2026-05-02,23:29:20,-07:00,2026-05-02T23:29:20-07:00,1,18
style.css,129,css,efbeb9d3,Aaron Marasco,2026-05-02,23:29:20,-07:00,2026-05-02T23:29:20-07:00,1,7
style.css,130,css,efbeb9d3,Aaron Marasco,2026-05-02,23:29:20,-07:00,2026-05-02T23:29:20-07:00,0,0
style.css,131,css,efbeb9d3,Aaron Marasco,2026-05-02,23:29:20,-07:00,2026-05-02T23:29:20-07:00,0,0
style.css,132,css,efbeb9d3,Aaron Marasco,2026-05-02,23:29:20,-07:00,2026-05-02T23:29:20-07:00,0,18
style.css,133,css,efbeb9d3,Aaron Marasco,2026-05-02,23:29:20,-07:00,2026-05-02T23:29:20-07:00,1,14
style.css,134,css,efbeb9d3,Aaron Marasco,2026-05-02,23:29:20,-07:00,2026-05-02T23:29:20-07:00,1,16
style.css,135,css,efbeb9d3,Aaron Marasco,2026-05-02,23:29:20,-07:00,2026-05-02T23:29:20-07:00,1,16
style.css,136,css,efbeb9d3,Aaron Marasco,2026-05-02,23:29:20,-07:00,2026-05-02T23:29:20-07:00,0,0
style.css,137,css,efbeb9d3,Aaron Marasco,2026-05-02,23:29:20,-07:00,2026-05-02T23:29:20-07:00,0,0
style.css,138,css,efbeb9d3,Aaron Marasco,2026-05-02,23:29:20,-07:00,2026-05-02T23:29:20-07:00,0,23
style.css,139,css,efbeb9d3,Aaron Marasco,2026-05-02,23:29:20,-07:00,2026-05-02T23:29:20-07:00,1,16
style.css,140,css,efbeb9d3,Aaron Marasco,2026-05-02,23:29:20,-07:00,2026-05-02T23:29:20-07:00,1,14
style.css,141,css,efbeb9d3,Aaron Marasco,2026-05-02,23:29:20,-07:00,2026-05-02T23:29:20-07:00,0,0
style.css,142,css,efbeb9d3,Aaron Marasco,2026-05-02,23:29:20,-07:00,2026-05-02T23:29:20-07:00,0,0
style.css,143,css,efbeb9d3,Aaron Marasco,2026-05-02,23:29:20,-07:00,2026-05-02T23:29:20-07:00,0,51
style.css,144,css,efbeb9d3,Aaron Marasco,2026-05-02,23:29:20,-07:00,2026-05-02T23:29:20-07:00,1,11
style.css,145,css,efbeb9d3,Aaron Marasco,2026-05-02,23:29:20,-07:00,2026-05-02T23:29:20-07:00,0,0
style.css,146,css,efbeb9d3,Aaron Marasco,2026-05-02,23:29:20,-07:00,2026-05-02T23:29:20-07:00,0,0
style.css,147,css,efbeb9d3,Aaron Marasco,2026-05-02,23:29:20,-07:00,2026-05-02T23:29:20-07:00,0,7
style.css,148,css,efbeb9d3,Aaron Marasco,2026-05-02,23:29:20,-07:00,2026-05-02T23:29:20-07:00,1,6
style.css,149,css,efbeb9d3,Aaron Marasco,2026-05-02,23:29:20,-07:00,2026-05-02T23:29:20-07:00,1,12
style.css,150,css,efbeb9d3,Aaron Marasco,2026-05-02,23:29:20,-07:00,2026-05-02T23:29:20-07:00,1,57
style.css,151,css,efbeb9d3,Aaron Marasco,2026-05-02,23:29:20,-07:00,2026-05-02T23:29:20-07:00,1,7
style.css,152,css,efbeb9d3,Aaron Marasco,2026-05-02,23:29:20,-07:00,2026-05-02T23:29:20-07:00,1,11
style.css,153,css,efbeb9d3,Aaron Marasco,2026-05-02,23:29:20,-07:00,2026-05-02T23:29:20-07:00,1,21
style.css,154,css,efbeb9d3,Aaron Marasco,2026-05-02,23:29:20,-07:00,2026-05-02T23:29:20-07:00,1,10
style.css,155,css,efbeb9d3,Aaron Marasco,2026-05-02,23:29:20,-07:00,2026-05-02T23:29:20-07:00,1,15
style.css,156,css,efbeb9d3,Aaron Marasco,2026-05-02,23:29:20,-07:00,2026-05-02T23:29:20-07:00,0,0
style.css,157,css,efbeb9d3,Aaron Marasco,2026-05-02,23:29:20,-07:00,2026-05-02T23:29:20-07:00,0,0
style.css,158,css,efbeb9d3,Aaron Marasco,2026-05-02,23:29:20,-07:00,2026-05-02T23:29:20-07:00,0,12
style.css,159,css,efbeb9d3,Aaron Marasco,2026-05-02,23:29:20,-07:00,2026-05-02T23:29:20-07:00,1,12
style.css,160,css,efbeb9d3,Aaron Marasco,2026-05-02,23:29:20,-07:00,2026-05-02T23:29:20-07:00,1,18
style.css,161,css,efbeb9d3,Aaron Marasco,2026-05-02,23:29:20,-07:00,2026-05-02T23:29:20-07:00,1,9
style.css,162,css,efbeb9d3,Aaron Marasco,2026-05-02,23:29:20,-07:00,2026-05-02T23:29:20-07:00,0,0
style.css,163,css,efbeb9d3,Aaron Marasco,2026-05-02,23:29:20,-07:00,2026-05-02T23:29:20-07:00,0,0
style.css,164,css,efbeb9d3,Aaron Marasco,2026-05-02,23:29:20,-07:00,2026-05-02T23:29:20-07:00,0,7
style.css,165,css,efbeb9d3,Aaron Marasco,2026-05-02,23:29:20,-07:00,2026-05-02T23:29:20-07:00,1,20
style.css,166,css,efbeb9d3,Aaron Marasco,2026-05-02,23:29:20,-07:00,2026-05-02T23:29:20-07:00,1,18
style.css,167,css,efbeb9d3,Aaron Marasco,2026-05-02,23:29:20,-07:00,2026-05-02T23:29:20-07:00,1,9
style.css,168,css,efbeb9d3,Aaron Marasco,2026-05-02,23:29:20,-07:00,2026-05-02T23:29:20-07:00,1,29
style.css,169,css,efbeb9d3,Aaron Marasco,2026-05-02,23:29:20,-07:00,2026-05-02T23:29:20-07:00,1,17
style.css,170,css,efbeb9d3,Aaron Marasco,2026-05-02,23:29:20,-07:00,2026-05-02T23:29:20-07:00,0,0
style.css,171,css,efbeb9d3,Aaron Marasco,2026-05-02,23:29:20,-07:00,2026-05-02T23:29:20-07:00,0,0
style.css,172,css,efbeb9d3,Aaron Marasco,2026-05-02,23:29:20,-07:00,2026-05-02T23:29:20-07:00,0,10
style.css,173,css,efbeb9d3,Aaron Marasco,2026-05-02,23:29:20,-07:00,2026-05-02T23:29:20-07:00,1,10
style.css,174,css,efbeb9d3,Aaron Marasco,2026-05-02,23:29:20,-07:00,2026-05-02T23:29:20-07:00,1,13
style.css,175,css,efbeb9d3,Aaron Marasco,2026-05-02,23:29:20,-07:00,2026-05-02T23:29:20-07:00,1,16
style.css,176,css,efbeb9d3,Aaron Marasco,2026-05-02,23:29:20,-07:00,2026-05-02T23:29:20-07:00,1,21
style.css,177,css,efbeb9d3,Aaron Marasco,2026-05-02,23:29:20,-07:00,2026-05-02T23:29:20-07:00,0,0
style.css,178,css,efbeb9d3,Aaron Marasco,2026-05-02,23:29:20,-07:00,2026-05-02T23:29:20-07:00,0,0
style.css,179,css,efbeb9d3,Aaron Marasco,2026-05-02,23:29:20,-07:00,2026-05-02T23:29:20-07:00,0,9
style.css,180,css,efbeb9d3,Aaron Marasco,2026-05-02,23:29:20,-07:00,2026-05-02T23:29:20-07:00,1,35
style.css,181,css,efbeb9d3,Aaron Marasco,2026-05-02,23:29:20,-07:00,2026-05-02T23:29:20-07:00,0,0
style.css,182,css,efbeb9d3,Aaron Marasco,2026-05-02,23:29:20,-07:00,2026-05-02T23:29:20-07:00,0,0
style.css,183,css,efbeb9d3,Aaron Marasco,2026-05-02,23:29:20,-07:00,2026-05-02T23:29:20-07:00,0,18
style.css,184,css,efbeb9d3,Aaron Marasco,2026-05-02,23:29:20,-07:00,2026-05-02T23:29:20-07:00,1,17
style.css,185,css,efbeb9d3,Aaron Marasco,2026-05-02,23:29:20,-07:00,2026-05-02T23:29:20-07:00,0,0
style.css,186,css,efbeb9d3,Aaron Marasco,2026-05-02,23:29:20,-07:00,2026-05-02T23:29:20-07:00,0,0
style.css,187,css,efbeb9d3,Aaron Marasco,2026-05-02,23:29:20,-07:00,2026-05-02T23:29:20-07:00,0,29
style.css,188,css,efbeb9d3,Aaron Marasco,2026-05-02,23:29:20,-07:00,2026-05-02T23:29:20-07:00,1,29
style.css,189,css,efbeb9d3,Aaron Marasco,2026-05-02,23:29:20,-07:00,2026-05-02T23:29:20-07:00,0,0
index.js,1,js,1cbbd99a,aaronmarasco,2026-04-24,23:38:32,-07:00,2026-04-24T23:38:32-07:00,0,71
index.js,2,js,1cbbd99a,aaronmarasco,2026-04-24,23:38:32,-07:00,2026-04-24T23:38:32-07:00,0,0
index.js,3,js,1cbbd99a,aaronmarasco,2026-04-24,23:38:32,-07:00,2026-04-24T23:38:32-07:00,0,54
index.js,4,js,1cbbd99a,aaronmarasco,2026-04-24,23:38:32,-07:00,2026-04-24T23:38:32-07:00,0,42
index.js,5,js,1cbbd99a,aaronmarasco,2026-04-24,23:38:32,-07:00,2026-04-24T23:38:32-07:00,0,60
index.js,6,js,1cbbd99a,aaronmarasco,2026-04-24,23:38:32,-07:00,2026-04-24T23:38:32-07:00,0,54
index.js,7,js,1cbbd99a,aaronmarasco,2026-04-24,23:38:32,-07:00,2026-04-24T23:38:32-07:00,0,0
index.js,8,js,1cbbd99a,aaronmarasco,2026-04-24,23:38:32,-07:00,2026-04-24T23:38:32-07:00,0,55
index.js,9,js,1cbbd99a,aaronmarasco,2026-04-24,23:38:32,-07:00,2026-04-24T23:38:32-07:00,0,60
index.js,10,js,1cbbd99a,aaronmarasco,2026-04-24,23:38:32,-07:00,2026-04-24T23:38:32-07:00,0,17
index.js,11,js,1cbbd99a,aaronmarasco,2026-04-24,23:38:32,-07:00,2026-04-24T23:38:32-07:00,1,24
index.js,12,js,1cbbd99a,aaronmarasco,2026-04-24,23:38:32,-07:00,2026-04-24T23:38:32-07:00,2,2
index.js,13,js,1cbbd99a,aaronmarasco,2026-04-24,23:38:32,-07:00,2026-04-24T23:38:32-07:00,3,55
index.js,14,js,1cbbd99a,aaronmarasco,2026-04-24,23:38:32,-07:00,2026-04-24T23:38:32-07:00,3,55
index.js,15,js,1cbbd99a,aaronmarasco,2026-04-24,23:38:32,-07:00,2026-04-24T23:38:32-07:00,3,49
index.js,16,js,1cbbd99a,aaronmarasco,2026-04-24,23:38:32,-07:00,2026-04-24T23:38:32-07:00,3,49
index.js,17,js,1cbbd99a,aaronmarasco,2026-04-24,23:38:32,-07:00,2026-04-24T23:38:32-07:00,2,3
index.js,18,js,1cbbd99a,aaronmarasco,2026-04-24,23:38:32,-07:00,2026-04-24T23:38:32-07:00,1,0
index.js,19,js,1cbbd99a,aaronmarasco,2026-04-24,23:38:32,-07:00,2026-04-24T23:38:32-07:00,0,0
index.html,1,html,678108c6,aaronmarasco,2026-04-03,21:28:30,-07:00,2026-04-03T21:28:30-07:00,0,13
index.html,2,html,678108c6,aaronmarasco,2026-04-03,21:28:30,-07:00,2026-04-03T21:28:30-07:00,0,14
index.html,3,html,678108c6,aaronmarasco,2026-04-03,21:28:30,-07:00,2026-04-03T21:28:30-07:00,0,4
index.html,4,html,678108c6,aaronmarasco,2026-04-03,21:28:30,-07:00,2026-04-03T21:28:30-07:00,2,20
index.html,5,html,678108c6,aaronmarasco,2026-04-03,21:28:30,-07:00,2026-04-03T21:28:30-07:00,2,68
index.html,6,html,678108c6,aaronmarasco,2026-04-03,21:28:30,-07:00,2026-04-03T21:28:30-07:00,2,55
index.html,7,html,5ae8f539,aaronmarasco,2026-04-03,22:18:00,-07:00,2026-04-03T22:18:00-07:00,2,38
index.html,8,html,5ae8f539,aaronmarasco,2026-04-03,22:18:00,-07:00,2026-04-03T22:18:00-07:00,0,0
index.html,9,html,678108c6,aaronmarasco,2026-04-03,21:28:30,-07:00,2026-04-03T21:28:30-07:00,0,5
index.html,10,html,678108c6,aaronmarasco,2026-04-03,21:28:30,-07:00,2026-04-03T21:28:30-07:00,0,4
index.html,11,html,678108c6,aaronmarasco,2026-04-03,21:28:30,-07:00,2026-04-03T21:28:30-07:00,2,20
index.html,12,html,8ca4e962,aaronmarasco,2026-04-03,23:24:46,-07:00,2026-04-03T23:24:46-07:00,2,60
index.html,13,html,8ca4e962,aaronmarasco,2026-04-03,23:24:46,-07:00,2026-04-03T23:24:46-07:00,4,65
index.html,14,html,bf019cee,aaronmarasco,2026-04-03,23:39:23,-07:00,2026-04-03T23:39:23-07:00,4,58
index.html,15,html,c74c0763,aaronmarasco,2026-04-18,23:55:56,-07:00,2026-04-18T23:55:56-07:00,0,0
index.html,16,html,1cbbd99a,aaronmarasco,2026-04-24,23:38:32,-07:00,2026-04-24T23:38:32-07:00,4,22
index.html,17,html,1cbbd99a,aaronmarasco,2026-04-24,23:38:32,-07:00,2026-04-24T23:38:32-07:00,4,26
index.html,18,html,1cbbd99a,aaronmarasco,2026-04-24,23:38:32,-07:00,2026-04-24T23:38:32-07:00,0,0
index.html,19,html,1cbbd99a,aaronmarasco,2026-04-24,23:38:32,-07:00,2026-04-24T23:38:32-07:00,4,19
index.html,20,html,1cbbd99a,aaronmarasco,2026-04-24,23:38:32,-07:00,2026-04-24T23:38:32-07:00,4,28
index.html,21,html,1cbbd99a,aaronmarasco,2026-04-24,23:38:32,-07:00,2026-04-24T23:38:32-07:00,0,0
index.html,22,html,c74c0763,aaronmarasco,2026-04-18,23:55:56,-07:00,2026-04-18T23:55:56-07:00,4,45
index.html,23,html,1cbbd99a,aaronmarasco,2026-04-24,23:38:32,-07:00,2026-04-24T23:38:32-07:00,4,44
index.html,24,html,678108c6,aaronmarasco,2026-04-03,21:28:30,-07:00,2026-04-03T21:28:30-07:00,0,5
index.html,25,html,c74c0763,aaronmarasco,2026-04-18,23:55:56,-07:00,2026-04-18T23:55:56-07:00,0,5
global.js,1,js,c74c0763,aaronmarasco,2026-04-18,23:55:56,-07:00,2026-04-18T23:55:56-07:00,0,25
global.js,2,js,c74c0763,aaronmarasco,2026-04-18,23:55:56,-07:00,2026-04-18T23:55:56-07:00,0,0
global.js,3,js,c74c0763,aaronmarasco,2026-04-18,23:55:56,-07:00,2026-04-18T23:55:56-07:00,0,41
global.js,4,js,c74c0763,aaronmarasco,2026-04-18,23:55:56,-07:00,2026-04-18T23:55:56-07:00,1,52
global.js,5,js,c74c0763,aaronmarasco,2026-04-18,23:55:56,-07:00,2026-04-18T23:55:56-07:00,0,0
global.js,6,js,c74c0763,aaronmarasco,2026-04-18,23:55:56,-07:00,2026-04-18T23:55:56-07:00,0,0
global.js,7,js,c74c0763,aaronmarasco,2026-04-18,23:55:56,-07:00,2026-04-18T23:55:56-07:00,0,11
global.js,8,js,c74c0763,aaronmarasco,2026-04-18,23:55:56,-07:00,2026-04-18T23:55:56-07:00,1,25
global.js,9,js,c74c0763,aaronmarasco,2026-04-18,23:55:56,-07:00,2026-04-18T23:55:56-07:00,1,38
global.js,10,js,c74c0763,aaronmarasco,2026-04-18,23:55:56,-07:00,2026-04-18T23:55:56-07:00,1,36
global.js,11,js,c74c0763,aaronmarasco,2026-04-18,23:55:56,-07:00,2026-04-18T23:55:56-07:00,1,34
global.js,12,js,00000000,Not Committed Yet,2026-05-09,22:45:38,-07:00,2026-05-09T22:45:38-07:00,1,30
global.js,13,js,c74c0763,aaronmarasco,2026-04-18,23:55:56,-07:00,2026-04-18T23:55:56-07:00,1,58
global.js,14,js,c74c0763,aaronmarasco,2026-04-18,23:55:56,-07:00,2026-04-18T23:55:56-07:00,0,0
global.js,15,js,c74c0763,aaronmarasco,2026-04-18,23:55:56,-07:00,2026-04-18T23:55:56-07:00,0,0
global.js,16,js,c74c0763,aaronmarasco,2026-04-18,23:55:56,-07:00,2026-04-18T23:55:56-07:00,0,15
global.js,17,js,c74c0763,aaronmarasco,2026-04-18,23:55:56,-07:00,2026-04-18T23:55:56-07:00,1,68
global.js,18,js,c74c0763,aaronmarasco,2026-04-18,23:55:56,-07:00,2026-04-18T23:55:56-07:00,2,3
global.js,19,js,c74c0763,aaronmarasco,2026-04-18,23:55:56,-07:00,2026-04-18T23:55:56-07:00,2,14
global.js,20,js,c74c0763,aaronmarasco,2026-04-18,23:55:56,-07:00,2026-04-18T23:55:56-07:00,0,0
global.js,21,js,c74c0763,aaronmarasco,2026-04-18,23:55:56,-07:00,2026-04-18T23:55:56-07:00,0,28
global.js,22,js,c74c0763,aaronmarasco,2026-04-18,23:55:56,-07:00,2026-04-18T23:55:56-07:00,1,41
global.js,23,js,c74c0763,aaronmarasco,2026-04-18,23:55:56,-07:00,2026-04-18T23:55:56-07:00,0,0
global.js,24,js,c74c0763,aaronmarasco,2026-04-18,23:55:56,-07:00,2026-04-18T23:55:56-07:00,0,0
global.js,25,js,c74c0763,aaronmarasco,2026-04-18,23:55:56,-07:00,2026-04-18T23:55:56-07:00,0,38
global.js,26,js,c74c0763,aaronmarasco,2026-04-18,23:55:56,-07:00,2026-04-18T23:55:56-07:00,0,25
global.js,27,js,c74c0763,aaronmarasco,2026-04-18,23:55:56,-07:00,2026-04-18T23:55:56-07:00,0,0
global.js,28,js,43d8d36c,aaronmarasco,2026-04-19,00:00:50,-07:00,2026-04-19T00:00:50-07:00,0,21
global.js,29,js,43d8d36c,aaronmarasco,2026-04-19,00:00:50,-07:00,2026-04-19T00:00:50-07:00,1,9
global.js,30,js,c74c0763,aaronmarasco,2026-04-18,23:55:56,-07:00,2026-04-18T23:55:56-07:00,1,0
global.js,31,js,c74c0763,aaronmarasco,2026-04-18,23:55:56,-07:00,2026-04-18T23:55:56-07:00,2,26
global.js,32,js,c74c0763,aaronmarasco,2026-04-18,23:55:56,-07:00,2026-04-18T23:55:56-07:00,3,4
global.js,33,js,c74c0763,aaronmarasco,2026-04-18,23:55:56,-07:00,2026-04-18T23:55:56-07:00,3,6
global.js,34,js,c74c0763,aaronmarasco,2026-04-18,23:55:56,-07:00,2026-04-18T23:55:56-07:00,4,43
global.js,35,js,c74c0763,aaronmarasco,2026-04-18,23:55:56,-07:00,2026-04-18T23:55:56-07:00,4,34
global.js,36,js,c74c0763,aaronmarasco,2026-04-18,23:55:56,-07:00,2026-04-18T23:55:56-07:00,4,32
global.js,37,js,c74c0763,aaronmarasco,2026-04-18,23:55:56,-07:00,2026-04-18T23:55:56-07:00,3,7
global.js,38,js,c74c0763,aaronmarasco,2026-04-18,23:55:56,-07:00,2026-04-18T23:55:56-07:00,2,8
global.js,39,js,c74c0763,aaronmarasco,2026-04-18,23:55:56,-07:00,2026-04-18T23:55:56-07:00,0,0
global.js,40,js,c74c0763,aaronmarasco,2026-04-18,23:55:56,-07:00,2026-04-18T23:55:56-07:00,0,0
global.js,41,js,c74c0763,aaronmarasco,2026-04-18,23:55:56,-07:00,2026-04-18T23:55:56-07:00,0,58
global.js,42,js,c74c0763,aaronmarasco,2026-04-18,23:55:56,-07:00,2026-04-18T23:55:56-07:00,0,0
global.js,43,js,c74c0763,aaronmarasco,2026-04-18,23:55:56,-07:00,2026-04-18T23:55:56-07:00,0,36
global.js,44,js,c74c0763,aaronmarasco,2026-04-18,23:55:56,-07:00,2026-04-18T23:55:56-07:00,1,70
global.js,45,js,c74c0763,aaronmarasco,2026-04-18,23:55:56,-07:00,2026-04-18T23:55:56-07:00,0,0
global.js,46,js,c74c0763,aaronmarasco,2026-04-18,23:55:56,-07:00,2026-04-18T23:55:56-07:00,0,0
global.js,47,js,c74c0763,aaronmarasco,2026-04-18,23:55:56,-07:00,2026-04-18T23:55:56-07:00,0,34
global.js,48,js,c74c0763,aaronmarasco,2026-04-18,23:55:56,-07:00,2026-04-18T23:55:56-07:00,1,39
global.js,49,js,c74c0763,aaronmarasco,2026-04-18,23:55:56,-07:00,2026-04-18T23:55:56-07:00,1,38
global.js,50,js,c74c0763,aaronmarasco,2026-04-18,23:55:56,-07:00,2026-04-18T23:55:56-07:00,0,0
global.js,51,js,c74c0763,aaronmarasco,2026-04-18,23:55:56,-07:00,2026-04-18T23:55:56-07:00,0,0
global.js,52,js,c74c0763,aaronmarasco,2026-04-18,23:55:56,-07:00,2026-04-18T23:55:56-07:00,0,49
global.js,53,js,c74c0763,aaronmarasco,2026-04-18,23:55:56,-07:00,2026-04-18T23:55:56-07:00,1,57
global.js,54,js,c74c0763,aaronmarasco,2026-04-18,23:55:56,-07:00,2026-04-18T23:55:56-07:00,1,33
global.js,55,js,c74c0763,aaronmarasco,2026-04-18,23:55:56,-07:00,2026-04-18T23:55:56-07:00,1,44
global.js,56,js,c74c0763,aaronmarasco,2026-04-18,23:55:56,-07:00,2026-04-18T23:55:56-07:00,0,1
global.js,57,js,c74c0763,aaronmarasco,2026-04-18,23:55:56,-07:00,2026-04-18T23:55:56-07:00,0,0
global.js,58,js,c74c0763,aaronmarasco,2026-04-18,23:55:56,-07:00,2026-04-18T23:55:56-07:00,0,40
global.js,59,js,c74c0763,aaronmarasco,2026-04-18,23:55:56,-07:00,2026-04-18T23:55:56-07:00,0,0
global.js,60,js,c74c0763,aaronmarasco,2026-04-18,23:55:56,-07:00,2026-04-18T23:55:56-07:00,0,49
global.js,61,js,c74c0763,aaronmarasco,2026-04-18,23:55:56,-07:00,2026-04-18T23:55:56-07:00,1,21
global.js,62,js,c74c0763,aaronmarasco,2026-04-18,23:55:56,-07:00,2026-04-18T23:55:56-07:00,0,0
global.js,63,js,c74c0763,aaronmarasco,2026-04-18,23:55:56,-07:00,2026-04-18T23:55:56-07:00,1,28
global.js,64,js,c74c0763,aaronmarasco,2026-04-18,23:55:56,-07:00,2026-04-18T23:55:56-07:00,1,14
global.js,65,js,c74c0763,aaronmarasco,2026-04-18,23:55:56,-07:00,2026-04-18T23:55:56-07:00,0,0
global.js,66,js,c74c0763,aaronmarasco,2026-04-18,23:55:56,-07:00,2026-04-18T23:55:56-07:00,1,31
global.js,67,js,c74c0763,aaronmarasco,2026-04-18,23:55:56,-07:00,2026-04-18T23:55:56-07:00,2,50
global.js,68,js,c74c0763,aaronmarasco,2026-04-18,23:55:56,-07:00,2026-04-18T23:55:56-07:00,1,0
global.js,69,js,c74c0763,aaronmarasco,2026-04-18,23:55:56,-07:00,2026-04-18T23:55:56-07:00,0,0
global.js,70,js,c74c0763,aaronmarasco,2026-04-18,23:55:56,-07:00,2026-04-18T23:55:56-07:00,1,51
global.js,71,js,c74c0763,aaronmarasco,2026-04-18,23:55:56,-07:00,2026-04-18T23:55:56-07:00,0,1
global.js,72,js,c74c0763,aaronmarasco,2026-04-18,23:55:56,-07:00,2026-04-18T23:55:56-07:00,0,0
global.js,73,js,c74c0763,aaronmarasco,2026-04-18,23:55:56,-07:00,2026-04-18T23:55:56-07:00,0,20
global.js,74,js,c74c0763,aaronmarasco,2026-04-18,23:55:56,-07:00,2026-04-18T23:55:56-07:00,1,14
global.js,75,js,c74c0763,aaronmarasco,2026-04-18,23:55:56,-07:00,2026-04-18T23:55:56-07:00,1,18
global.js,76,js,c74c0763,aaronmarasco,2026-04-18,23:55:56,-07:00,2026-04-18T23:55:56-07:00,0,0
global.js,77,js,c74c0763,aaronmarasco,2026-04-18,23:55:56,-07:00,2026-04-18T23:55:56-07:00,1,52
global.js,78,js,c74c0763,aaronmarasco,2026-04-18,23:55:56,-07:00,2026-04-18T23:55:56-07:00,0,0
global.js,79,js,c74c0763,aaronmarasco,2026-04-18,23:55:56,-07:00,2026-04-18T23:55:56-07:00,1,34
global.js,80,js,c74c0763,aaronmarasco,2026-04-18,23:55:56,-07:00,2026-04-18T23:55:56-07:00,1,11
global.js,81,js,c74c0763,aaronmarasco,2026-04-18,23:55:56,-07:00,2026-04-18T23:55:56-07:00,1,20
global.js,82,js,c74c0763,aaronmarasco,2026-04-18,23:55:56,-07:00,2026-04-18T23:55:56-07:00,0,0
global.js,83,js,c74c0763,aaronmarasco,2026-04-18,23:55:56,-07:00,2026-04-18T23:55:56-07:00,1,17
global.js,84,js,c74c0763,aaronmarasco,2026-04-18,23:55:56,-07:00,2026-04-18T23:55:56-07:00,2,8
global.js,85,js,c74c0763,aaronmarasco,2026-04-18,23:55:56,-07:00,2026-04-18T23:55:56-07:00,2,25
global.js,86,js,c74c0763,aaronmarasco,2026-04-18,23:55:56,-07:00,2026-04-18T23:55:56-07:00,3,61
global.js,87,js,c74c0763,aaronmarasco,2026-04-18,23:55:56,-07:00,2026-04-18T23:55:56-07:00,1,0
global.js,88,js,c74c0763,aaronmarasco,2026-04-18,23:55:56,-07:00,2026-04-18T23:55:56-07:00,0,0
global.js,89,js,c74c0763,aaronmarasco,2026-04-18,23:55:56,-07:00,2026-04-18T23:55:56-07:00,1,29
global.js,90,js,c74c0763,aaronmarasco,2026-04-18,23:55:56,-07:00,2026-04-18T23:55:56-07:00,2,18
global.js,91,js,c74c0763,aaronmarasco,2026-04-18,23:55:56,-07:00,2026-04-18T23:55:56-07:00,1,0
global.js,92,js,c74c0763,aaronmarasco,2026-04-18,23:55:56,-07:00,2026-04-18T23:55:56-07:00,0,0
global.js,93,js,c74c0763,aaronmarasco,2026-04-18,23:55:56,-07:00,2026-04-18T23:55:56-07:00,1,12
global.js,94,js,c74c0763,aaronmarasco,2026-04-18,23:55:56,-07:00,2026-04-18T23:55:56-07:00,0,0
global.js,95,js,1cbbd99a,aaronmarasco,2026-04-24,23:38:32,-07:00,2026-04-24T23:38:32-07:00,0,0
global.js,96,js,1cbbd99a,aaronmarasco,2026-04-24,23:38:32,-07:00,2026-04-24T23:38:32-07:00,0,36
global.js,97,js,1cbbd99a,aaronmarasco,2026-04-24,23:38:32,-07:00,2026-04-24T23:38:32-07:00,1,3
global.js,98,js,1cbbd99a,aaronmarasco,2026-04-24,23:38:32,-07:00,2026-04-24T23:38:32-07:00,2,32
global.js,99,js,1cbbd99a,aaronmarasco,2026-04-24,23:38:32,-07:00,2026-04-24T23:38:32-07:00,2,17
global.js,100,js,1cbbd99a,aaronmarasco,2026-04-24,23:38:32,-07:00,2026-04-24T23:38:32-07:00,3,66
global.js,101,js,1cbbd99a,aaronmarasco,2026-04-24,23:38:32,-07:00,2026-04-24T23:38:32-07:00,2,0
global.js,102,js,1cbbd99a,aaronmarasco,2026-04-24,23:38:32,-07:00,2026-04-24T23:38:32-07:00,2,33
global.js,103,js,1cbbd99a,aaronmarasco,2026-04-24,23:38:32,-07:00,2026-04-24T23:38:32-07:00,2,10
global.js,104,js,1cbbd99a,aaronmarasco,2026-04-24,23:38:32,-07:00,2026-04-24T23:38:32-07:00,1,15
global.js,105,js,1cbbd99a,aaronmarasco,2026-04-24,23:38:32,-07:00,2026-04-24T23:38:32-07:00,2,59
global.js,106,js,1cbbd99a,aaronmarasco,2026-04-24,23:38:32,-07:00,2026-04-24T23:38:32-07:00,1,0
global.js,107,js,1cbbd99a,aaronmarasco,2026-04-24,23:38:32,-07:00,2026-04-24T23:38:32-07:00,0,0
global.js,108,js,1cbbd99a,aaronmarasco,2026-04-24,23:38:32,-07:00,2026-04-24T23:38:32-07:00,0,0
global.js,109,js,1cbbd99a,aaronmarasco,2026-04-24,23:38:32,-07:00,2026-04-24T23:38:32-07:00,0,79
global.js,110,js,1cbbd99a,aaronmarasco,2026-04-24,23:38:32,-07:00,2026-04-24T23:38:32-07:00,1,22
global.js,111,js,1cbbd99a,aaronmarasco,2026-04-24,23:38:32,-07:00,2026-04-24T23:38:32-07:00,2,5
global.js,112,js,1cbbd99a,aaronmarasco,2026-04-24,23:38:32,-07:00,2026-04-24T23:38:32-07:00,1,0
global.js,113,js,1cbbd99a,aaronmarasco,2026-04-24,23:38:32,-07:00,2026-04-24T23:38:32-07:00,1,14
global.js,114,js,1cbbd99a,aaronmarasco,2026-04-24,23:38:32,-07:00,2026-04-24T23:38:32-07:00,2,55
global.js,115,js,1cbbd99a,aaronmarasco,2026-04-24,23:38:32,-07:00,2026-04-24T23:38:32-07:00,2,5
global.js,116,js,1cbbd99a,aaronmarasco,2026-04-24,23:38:32,-07:00,2026-04-24T23:38:32-07:00,1,0
global.js,117,js,1cbbd99a,aaronmarasco,2026-04-24,23:38:32,-07:00,2026-04-24T23:38:32-07:00,1,30
global.js,118,js,1cbbd99a,aaronmarasco,2026-04-24,23:38:32,-07:00,2026-04-24T23:38:32-07:00,1,31
global.js,119,js,1cbbd99a,aaronmarasco,2026-04-24,23:38:32,-07:00,2026-04-24T23:38:32-07:00,2,48
global.js,120,js,1cbbd99a,aaronmarasco,2026-04-24,23:38:32,-07:00,2026-04-24T23:38:32-07:00,2,19
global.js,121,js,1cbbd99a,aaronmarasco,2026-04-24,23:38:32,-07:00,2026-04-24T23:38:32-07:00,3,49
global.js,122,js,1cbbd99a,aaronmarasco,2026-04-24,23:38:32,-07:00,2026-04-24T23:38:32-07:00,3,49
global.js,123,js,efbeb9d3,Aaron Marasco,2026-05-02,23:29:20,-07:00,2026-05-02T23:29:20-07:00,3,24
global.js,124,js,efbeb9d3,Aaron Marasco,2026-05-02,23:29:20,-07:00,2026-05-02T23:29:20-07:00,4,27
global.js,125,js,efbeb9d3,Aaron Marasco,2026-05-02,23:29:20,-07:00,2026-05-02T23:29:20-07:00,4,44
global.js,126,js,efbeb9d3,Aaron Marasco,2026-05-02,23:29:20,-07:00,2026-05-02T23:29:20-07:00,3,4
global.js,127,js,1cbbd99a,aaronmarasco,2026-04-24,23:38:32,-07:00,2026-04-24T23:38:32-07:00,2,0
global.js,128,js,1cbbd99a,aaronmarasco,2026-04-24,23:38:32,-07:00,2026-04-24T23:38:32-07:00,2,36
global.js,129,js,1cbbd99a,aaronmarasco,2026-04-24,23:38:32,-07:00,2026-04-24T23:38:32-07:00,1,0
global.js,130,js,1cbbd99a,aaronmarasco,2026-04-24,23:38:32,-07:00,2026-04-24T23:38:32-07:00,0,0
global.js,131,js,1cbbd99a,aaronmarasco,2026-04-24,23:38:32,-07:00,2026-04-24T23:38:32-07:00,0,0
global.js,132,js,1cbbd99a,aaronmarasco,2026-04-24,23:38:32,-07:00,2026-04-24T23:38:32-07:00,0,47
global.js,133,js,1cbbd99a,aaronmarasco,2026-04-24,23:38:32,-07:00,2026-04-24T23:38:32-07:00,1,59
global.js,134,js,1cbbd99a,aaronmarasco,2026-04-24,23:38:32,-07:00,2026-04-24T23:38:32-07:00,0,0
resume\index.html,1,html,3b8d62e0,aaronmarasco,2026-04-03,23:03:41,-07:00,2026-04-03T23:03:41-07:00,0,13
resume\index.html,2,html,3b8d62e0,aaronmarasco,2026-04-03,23:03:41,-07:00,2026-04-03T23:03:41-07:00,0,14
resume\index.html,3,html,3b8d62e0,aaronmarasco,2026-04-03,23:03:41,-07:00,2026-04-03T23:03:41-07:00,0,4
resume\index.html,4,html,3b8d62e0,aaronmarasco,2026-04-03,23:03:41,-07:00,2026-04-03T23:03:41-07:00,2,20
resume\index.html,5,html,3b8d62e0,aaronmarasco,2026-04-03,23:03:41,-07:00,2026-04-03T23:03:41-07:00,2,68
resume\index.html,6,html,3b8d62e0,aaronmarasco,2026-04-03,23:03:41,-07:00,2026-04-03T23:03:41-07:00,2,19
resume\index.html,7,html,3b8d62e0,aaronmarasco,2026-04-03,23:03:41,-07:00,2026-04-03T23:03:41-07:00,2,41
resume\index.html,8,html,3b8d62e0,aaronmarasco,2026-04-03,23:03:41,-07:00,2026-04-03T23:03:41-07:00,0,5
resume\index.html,9,html,bf7a03b4,Aaron Marasco,2026-04-10,23:18:28,-07:00,2026-04-10T23:18:28-07:00,0,19
resume\index.html,10,html,3b8d62e0,aaronmarasco,2026-04-03,23:03:41,-07:00,2026-04-03T23:03:41-07:00,2,16
resume\index.html,11,html,bf7a03b4,Aaron Marasco,2026-04-10,23:18:28,-07:00,2026-04-10T23:18:28-07:00,2,71
resume\index.html,12,html,3b8d62e0,aaronmarasco,2026-04-03,23:03:41,-07:00,2026-04-03T23:03:41-07:00,0,0
resume\index.html,13,html,3b8d62e0,aaronmarasco,2026-04-03,23:03:41,-07:00,2026-04-03T23:03:41-07:00,2,7
resume\index.html,14,html,3b8d62e0,aaronmarasco,2026-04-03,23:03:41,-07:00,2026-04-03T23:03:41-07:00,4,16
resume\index.html,15,html,3b8d62e0,aaronmarasco,2026-04-03,23:03:41,-07:00,2026-04-03T23:03:41-07:00,4,7
resume\index.html,16,html,bf7a03b4,Aaron Marasco,2026-04-10,23:18:28,-07:00,2026-04-10T23:18:28-07:00,6,52
resume\index.html,17,html,bf7a03b4,Aaron Marasco,2026-04-10,23:18:28,-07:00,2026-04-10T23:18:28-07:00,6,57
resume\index.html,18,html,3b8d62e0,aaronmarasco,2026-04-03,23:03:41,-07:00,2026-04-03T23:03:41-07:00,6,14
resume\index.html,19,html,bf7a03b4,Aaron Marasco,2026-04-10,23:18:28,-07:00,2026-04-10T23:18:28-07:00,6,54
resume\index.html,20,html,3b8d62e0,aaronmarasco,2026-04-03,23:03:41,-07:00,2026-04-03T23:03:41-07:00,4,8
resume\index.html,21,html,3b8d62e0,aaronmarasco,2026-04-03,23:03:41,-07:00,2026-04-03T23:03:41-07:00,2,8
resume\index.html,22,html,3b8d62e0,aaronmarasco,2026-04-03,23:03:41,-07:00,2026-04-03T23:03:41-07:00,0,0
resume\index.html,23,html,3b8d62e0,aaronmarasco,2026-04-03,23:03:41,-07:00,2026-04-03T23:03:41-07:00,2,7
resume\index.html,24,html,3b8d62e0,aaronmarasco,2026-04-03,23:03:41,-07:00,2026-04-03T23:03:41-07:00,4,30
resume\index.html,25,html,3b8d62e0,aaronmarasco,2026-04-03,23:03:41,-07:00,2026-04-03T23:03:41-07:00,4,7
resume\index.html,26,html,bf7a03b4,Aaron Marasco,2026-04-10,23:18:28,-07:00,2026-04-10T23:18:28-07:00,6,53
resume\index.html,27,html,bf7a03b4,Aaron Marasco,2026-04-10,23:18:28,-07:00,2026-04-10T23:18:28-07:00,6,52
resume\index.html,28,html,3b8d62e0,aaronmarasco,2026-04-03,23:03:41,-07:00,2026-04-03T23:03:41-07:00,6,2
resume\index.html,29,html,bf7a03b4,Aaron Marasco,2026-04-10,23:18:28,-07:00,2026-04-10T23:18:28-07:00,8,24
resume\index.html,30,html,3b8d62e0,aaronmarasco,2026-04-03,23:03:41,-07:00,2026-04-03T23:03:41-07:00,6,3
resume\index.html,31,html,3b8d62e0,aaronmarasco,2026-04-03,23:03:41,-07:00,2026-04-03T23:03:41-07:00,4,8
resume\index.html,32,html,3b8d62e0,aaronmarasco,2026-04-03,23:03:41,-07:00,2026-04-03T23:03:41-07:00,2,8
resume\index.html,33,html,3b8d62e0,aaronmarasco,2026-04-03,23:03:41,-07:00,2026-04-03T23:03:41-07:00,0,0
resume\index.html,34,html,3b8d62e0,aaronmarasco,2026-04-03,23:03:41,-07:00,2026-04-03T23:03:41-07:00,2,7
resume\index.html,35,html,3b8d62e0,aaronmarasco,2026-04-03,23:03:41,-07:00,2026-04-03T23:03:41-07:00,4,15
resume\index.html,36,html,3b8d62e0,aaronmarasco,2026-04-03,23:03:41,-07:00,2026-04-03T23:03:41-07:00,4,7
resume\index.html,37,html,bf7a03b4,Aaron Marasco,2026-04-10,23:18:28,-07:00,2026-04-10T23:18:28-07:00,6,53
resume\index.html,38,html,bf7a03b4,Aaron Marasco,2026-04-10,23:18:28,-07:00,2026-04-10T23:18:28-07:00,6,31
resume\index.html,39,html,3b8d62e0,aaronmarasco,2026-04-03,23:03:41,-07:00,2026-04-03T23:03:41-07:00,6,2
resume\index.html,40,html,bf7a03b4,Aaron Marasco,2026-04-10,23:18:28,-07:00,2026-04-10T23:18:28-07:00,8,24
resume\index.html,41,html,3b8d62e0,aaronmarasco,2026-04-03,23:03:41,-07:00,2026-04-03T23:03:41-07:00,6,3
resume\index.html,42,html,3b8d62e0,aaronmarasco,2026-04-03,23:03:41,-07:00,2026-04-03T23:03:41-07:00,4,8
resume\index.html,43,html,3b8d62e0,aaronmarasco,2026-04-03,23:03:41,-07:00,2026-04-03T23:03:41-07:00,2,8
resume\index.html,44,html,3b8d62e0,aaronmarasco,2026-04-03,23:03:41,-07:00,2026-04-03T23:03:41-07:00,0,0
resume\index.html,45,html,3b8d62e0,aaronmarasco,2026-04-03,23:03:41,-07:00,2026-04-03T23:03:41-07:00,2,7
resume\index.html,46,html,3b8d62e0,aaronmarasco,2026-04-03,23:03:41,-07:00,2026-04-03T23:03:41-07:00,4,32
resume\index.html,47,html,3b8d62e0,aaronmarasco,2026-04-03,23:03:41,-07:00,2026-04-03T23:03:41-07:00,4,7
resume\index.html,48,html,bf7a03b4,Aaron Marasco,2026-04-10,23:18:28,-07:00,2026-04-10T23:18:28-07:00,6,58
resume\index.html,49,html,bf7a03b4,Aaron Marasco,2026-04-10,23:18:28,-07:00,2026-04-10T23:18:28-07:00,6,53
resume\index.html,50,html,3b8d62e0,aaronmarasco,2026-04-03,23:03:41,-07:00,2026-04-03T23:03:41-07:00,4,8
resume\index.html,51,html,3b8d62e0,aaronmarasco,2026-04-03,23:03:41,-07:00,2026-04-03T23:03:41-07:00,2,8
resume\index.html,52,html,3b8d62e0,aaronmarasco,2026-04-03,23:03:41,-07:00,2026-04-03T23:03:41-07:00,0,0
resume\index.html,53,html,3b8d62e0,aaronmarasco,2026-04-03,23:03:41,-07:00,2026-04-03T23:03:41-07:00,2,7
resume\index.html,54,html,3b8d62e0,aaronmarasco,2026-04-03,23:03:41,-07:00,2026-04-03T23:03:41-07:00,4,27
resume\index.html,55,html,bf7a03b4,Aaron Marasco,2026-04-10,23:18:28,-07:00,2026-04-10T23:18:28-07:00,4,63
resume\index.html,56,html,bf7a03b4,Aaron Marasco,2026-04-10,23:18:28,-07:00,2026-04-10T23:18:28-07:00,4,59
resume\index.html,57,html,bf7a03b4,Aaron Marasco,2026-04-10,23:18:28,-07:00,2026-04-10T23:18:28-07:00,4,59
resume\index.html,58,html,3b8d62e0,aaronmarasco,2026-04-03,23:03:41,-07:00,2026-04-03T23:03:41-07:00,2,8
resume\index.html,59,html,c74c0763,aaronmarasco,2026-04-18,23:55:56,-07:00,2026-04-18T23:55:56-07:00,2,48
resume\index.html,60,html,3b8d62e0,aaronmarasco,2026-04-03,23:03:41,-07:00,2026-04-03T23:03:41-07:00,0,5
resume\index.html,61,html,c74c0763,aaronmarasco,2026-04-18,23:55:56,-07:00,2026-04-18T23:55:56-07:00,0,5
projects\projects.js,1,js,1cbbd99a,aaronmarasco,2026-04-24,23:38:32,-07:00,2026-04-24T23:38:32-07:00,0,55
projects\projects.js,2,js,efbeb9d3,Aaron Marasco,2026-05-02,23:29:20,-07:00,2026-05-02T23:29:20-07:00,0,63
projects\projects.js,3,js,1cbbd99a,aaronmarasco,2026-04-24,23:38:32,-07:00,2026-04-24T23:38:32-07:00,0,0
projects\projects.js,4,js,1cbbd99a,aaronmarasco,2026-04-24,23:38:32,-07:00,2026-04-24T23:38:32-07:00,0,55
projects\projects.js,5,js,1cbbd99a,aaronmarasco,2026-04-24,23:38:32,-07:00,2026-04-24T23:38:32-07:00,0,60
projects\projects.js,6,js,1cbbd99a,aaronmarasco,2026-04-24,23:38:32,-07:00,2026-04-24T23:38:32-07:00,0,48
projects\projects.js,7,js,1cbbd99a,aaronmarasco,2026-04-24,23:38:32,-07:00,2026-04-24T23:38:32-07:00,0,0
projects\projects.js,8,js,1cbbd99a,aaronmarasco,2026-04-24,23:38:32,-07:00,2026-04-24T23:38:32-07:00,0,62
projects\projects.js,9,js,1cbbd99a,aaronmarasco,2026-04-24,23:38:32,-07:00,2026-04-24T23:38:32-07:00,0,18
projects\projects.js,10,js,1cbbd99a,aaronmarasco,2026-04-24,23:38:32,-07:00,2026-04-24T23:38:32-07:00,1,56
projects\projects.js,11,js,1cbbd99a,aaronmarasco,2026-04-24,23:38:32,-07:00,2026-04-24T23:38:32-07:00,0,0
projects\projects.js,12,js,efbeb9d3,Aaron Marasco,2026-05-02,23:29:20,-07:00,2026-05-02T23:29:20-07:00,0,0
projects\projects.js,13,js,efbeb9d3,Aaron Marasco,2026-05-02,23:29:20,-07:00,2026-05-02T23:29:20-07:00,0,13
projects\projects.js,14,js,efbeb9d3,Aaron Marasco,2026-05-02,23:29:20,-07:00,2026-05-02T23:29:20-07:00,0,21
projects\projects.js,15,js,efbeb9d3,Aaron Marasco,2026-05-02,23:29:20,-07:00,2026-05-02T23:29:20-07:00,0,47
projects\projects.js,16,js,efbeb9d3,Aaron Marasco,2026-05-02,23:29:20,-07:00,2026-05-02T23:29:20-07:00,0,0
projects\projects.js,17,js,efbeb9d3,Aaron Marasco,2026-05-02,23:29:20,-07:00,2026-05-02T23:29:20-07:00,0,38
projects\projects.js,18,js,efbeb9d3,Aaron Marasco,2026-05-02,23:29:20,-07:00,2026-05-02T23:29:20-07:00,1,26
projects\projects.js,19,js,efbeb9d3,Aaron Marasco,2026-05-02,23:29:20,-07:00,2026-05-02T23:29:20-07:00,2,12
projects\projects.js,20,js,efbeb9d3,Aaron Marasco,2026-05-02,23:29:20,-07:00,2026-05-02T23:29:20-07:00,2,14
projects\projects.js,21,js,efbeb9d3,Aaron Marasco,2026-05-02,23:29:20,-07:00,2026-05-02T23:29:20-07:00,2,12
projects\projects.js,22,js,efbeb9d3,Aaron Marasco,2026-05-02,23:29:20,-07:00,2026-05-02T23:29:20-07:00,1,0
projects\projects.js,23,js,efbeb9d3,Aaron Marasco,2026-05-02,23:29:20,-07:00,2026-05-02T23:29:20-07:00,1,76
projects\projects.js,24,js,efbeb9d3,Aaron Marasco,2026-05-02,23:29:20,-07:00,2026-05-02T23:29:20-07:00,0,0
projects\projects.js,25,js,efbeb9d3,Aaron Marasco,2026-05-02,23:29:20,-07:00,2026-05-02T23:29:20-07:00,1,57
projects\projects.js,26,js,efbeb9d3,Aaron Marasco,2026-05-02,23:29:20,-07:00,2026-05-02T23:29:20-07:00,1,50
projects\projects.js,27,js,efbeb9d3,Aaron Marasco,2026-05-02,23:29:20,-07:00,2026-05-02T23:29:20-07:00,1,33
projects\projects.js,28,js,efbeb9d3,Aaron Marasco,2026-05-02,23:29:20,-07:00,2026-05-02T23:29:20-07:00,1,45
projects\projects.js,29,js,efbeb9d3,Aaron Marasco,2026-05-02,23:29:20,-07:00,2026-05-02T23:29:20-07:00,0,0
projects\projects.js,30,js,efbeb9d3,Aaron Marasco,2026-05-02,23:29:20,-07:00,2026-05-02T23:29:20-07:00,1,40
projects\projects.js,31,js,efbeb9d3,Aaron Marasco,2026-05-02,23:29:20,-07:00,2026-05-02T23:29:20-07:00,1,29
projects\projects.js,32,js,efbeb9d3,Aaron Marasco,2026-05-02,23:29:20,-07:00,2026-05-02T23:29:20-07:00,1,32
projects\projects.js,33,js,efbeb9d3,Aaron Marasco,2026-05-02,23:29:20,-07:00,2026-05-02T23:29:20-07:00,1,30
projects\projects.js,34,js,efbeb9d3,Aaron Marasco,2026-05-02,23:29:20,-07:00,2026-05-02T23:29:20-07:00,0,0
projects\projects.js,35,js,efbeb9d3,Aaron Marasco,2026-05-02,23:29:20,-07:00,2026-05-02T23:29:20-07:00,1,24
projects\projects.js,36,js,efbeb9d3,Aaron Marasco,2026-05-02,23:29:20,-07:00,2026-05-02T23:29:20-07:00,2,1
projects\projects.js,37,js,efbeb9d3,Aaron Marasco,2026-05-02,23:29:20,-07:00,2026-05-02T23:29:20-07:00,3,13
projects\projects.js,38,js,efbeb9d3,Aaron Marasco,2026-05-02,23:29:20,-07:00,2026-05-02T23:29:20-07:00,3,13
projects\projects.js,39,js,efbeb9d3,Aaron Marasco,2026-05-02,23:29:20,-07:00,2026-05-02T23:29:20-07:00,3,22
projects\projects.js,40,js,efbeb9d3,Aaron Marasco,2026-05-02,23:29:20,-07:00,2026-05-02T23:29:20-07:00,3,18
projects\projects.js,41,js,efbeb9d3,Aaron Marasco,2026-05-02,23:29:20,-07:00,2026-05-02T23:29:20-07:00,4,43
projects\projects.js,42,js,efbeb9d3,Aaron Marasco,2026-05-02,23:29:20,-07:00,2026-05-02T23:29:20-07:00,0,0
projects\projects.js,43,js,efbeb9d3,Aaron Marasco,2026-05-02,23:29:20,-07:00,2026-05-02T23:29:20-07:00,4,1
projects\projects.js,44,js,efbeb9d3,Aaron Marasco,2026-05-02,23:29:20,-07:00,2026-05-02T23:29:20-07:00,5,16
projects\projects.js,45,js,efbeb9d3,Aaron Marasco,2026-05-02,23:29:20,-07:00,2026-05-02T23:29:20-07:00,5,70
projects\projects.js,46,js,efbeb9d3,Aaron Marasco,2026-05-02,23:29:20,-07:00,2026-05-02T23:29:20-07:00,0,0
projects\projects.js,47,js,efbeb9d3,Aaron Marasco,2026-05-02,23:29:20,-07:00,2026-05-02T23:29:20-07:00,4,4
projects\projects.js,48,js,efbeb9d3,Aaron Marasco,2026-05-02,23:29:20,-07:00,2026-05-02T23:29:20-07:00,5,14
projects\projects.js,49,js,efbeb9d3,Aaron Marasco,2026-05-02,23:29:20,-07:00,2026-05-02T23:29:20-07:00,5,24
projects\projects.js,50,js,efbeb9d3,Aaron Marasco,2026-05-02,23:29:20,-07:00,2026-05-02T23:29:20-07:00,6,57
projects\projects.js,51,js,efbeb9d3,Aaron Marasco,2026-05-02,23:29:20,-07:00,2026-05-02T23:29:20-07:00,5,0
projects\projects.js,52,js,efbeb9d3,Aaron Marasco,2026-05-02,23:29:20,-07:00,2026-05-02T23:29:20-07:00,0,0
projects\projects.js,53,js,efbeb9d3,Aaron Marasco,2026-05-02,23:29:20,-07:00,2026-05-02T23:29:20-07:00,4,25
projects\projects.js,54,js,efbeb9d3,Aaron Marasco,2026-05-02,23:29:20,-07:00,2026-05-02T23:29:20-07:00,5,48
projects\projects.js,55,js,efbeb9d3,Aaron Marasco,2026-05-02,23:29:20,-07:00,2026-05-02T23:29:20-07:00,4,6
projects\projects.js,56,js,efbeb9d3,Aaron Marasco,2026-05-02,23:29:20,-07:00,2026-05-02T23:29:20-07:00,5,35
projects\projects.js,57,js,efbeb9d3,Aaron Marasco,2026-05-02,23:29:20,-07:00,2026-05-02T23:29:20-07:00,5,57
projects\projects.js,58,js,efbeb9d3,Aaron Marasco,2026-05-02,23:29:20,-07:00,2026-05-02T23:29:20-07:00,5,52
projects\projects.js,59,js,efbeb9d3,Aaron Marasco,2026-05-02,23:29:20,-07:00,2026-05-02T23:29:20-07:00,4,0
projects\projects.js,60,js,efbeb9d3,Aaron Marasco,2026-05-02,23:29:20,-07:00,2026-05-02T23:29:20-07:00,3,1
projects\projects.js,61,js,efbeb9d3,Aaron Marasco,2026-05-02,23:29:20,-07:00,2026-05-02T23:29:20-07:00,1,1
projects\projects.js,62,js,efbeb9d3,Aaron Marasco,2026-05-02,23:29:20,-07:00,2026-05-02T23:29:20-07:00,0,0
projects\projects.js,63,js,efbeb9d3,Aaron Marasco,2026-05-02,23:29:20,-07:00,2026-05-02T23:29:20-07:00,1,24
projects\projects.js,64,js,efbeb9d3,Aaron Marasco,2026-05-02,23:29:20,-07:00,2026-05-02T23:29:20-07:00,2,4
projects\projects.js,65,js,efbeb9d3,Aaron Marasco,2026-05-02,23:29:20,-07:00,2026-05-02T23:29:20-07:00,3,11
projects\projects.js,66,js,efbeb9d3,Aaron Marasco,2026-05-02,23:29:20,-07:00,2026-05-02T23:29:20-07:00,3,38
projects\projects.js,67,js,efbeb9d3,Aaron Marasco,2026-05-02,23:29:20,-07:00,2026-05-02T23:29:20-07:00,3,27
projects\projects.js,68,js,efbeb9d3,Aaron Marasco,2026-05-02,23:29:20,-07:00,2026-05-02T23:29:20-07:00,3,69
projects\projects.js,69,js,efbeb9d3,Aaron Marasco,2026-05-02,23:29:20,-07:00,2026-05-02T23:29:20-07:00,1,1
projects\projects.js,70,js,efbeb9d3,Aaron Marasco,2026-05-02,23:29:20,-07:00,2026-05-02T23:29:20-07:00,0,0
projects\projects.js,71,js,efbeb9d3,Aaron Marasco,2026-05-02,23:29:20,-07:00,2026-05-02T23:29:20-07:00,1,1
projects\projects.js,72,js,efbeb9d3,Aaron Marasco,2026-05-02,23:29:20,-07:00,2026-05-02T23:29:20-07:00,2,16
projects\projects.js,73,js,efbeb9d3,Aaron Marasco,2026-05-02,23:29:20,-07:00,2026-05-02T23:29:20-07:00,2,70
projects\projects.js,74,js,efbeb9d3,Aaron Marasco,2026-05-02,23:29:20,-07:00,2026-05-02T23:29:20-07:00,1,4
projects\projects.js,75,js,efbeb9d3,Aaron Marasco,2026-05-02,23:29:20,-07:00,2026-05-02T23:29:20-07:00,2,14
projects\projects.js,76,js,efbeb9d3,Aaron Marasco,2026-05-02,23:29:20,-07:00,2026-05-02T23:29:20-07:00,2,24
projects\projects.js,77,js,efbeb9d3,Aaron Marasco,2026-05-02,23:29:20,-07:00,2026-05-02T23:29:20-07:00,3,57
projects\projects.js,78,js,efbeb9d3,Aaron Marasco,2026-05-02,23:29:20,-07:00,2026-05-02T23:29:20-07:00,2,0
projects\projects.js,79,js,efbeb9d3,Aaron Marasco,2026-05-02,23:29:20,-07:00,2026-05-02T23:29:20-07:00,0,0
projects\projects.js,80,js,efbeb9d3,Aaron Marasco,2026-05-02,23:29:20,-07:00,2026-05-02T23:29:20-07:00,0,0
projects\projects.js,81,js,efbeb9d3,Aaron Marasco,2026-05-02,23:29:20,-07:00,2026-05-02T23:29:20-07:00,0,23
projects\projects.js,82,js,efbeb9d3,Aaron Marasco,2026-05-02,23:29:20,-07:00,2026-05-02T23:29:20-07:00,0,0
projects\projects.js,83,js,efbeb9d3,Aaron Marasco,2026-05-02,23:29:20,-07:00,2026-05-02T23:29:20-07:00,0,53
projects\projects.js,84,js,efbeb9d3,Aaron Marasco,2026-05-02,23:29:20,-07:00,2026-05-02T23:29:20-07:00,0,49
projects\projects.js,85,js,efbeb9d3,Aaron Marasco,2026-05-02,23:29:20,-07:00,2026-05-02T23:29:20-07:00,1,25
projects\projects.js,86,js,efbeb9d3,Aaron Marasco,2026-05-02,23:29:20,-07:00,2026-05-02T23:29:20-07:00,1,51
projects\projects.js,87,js,efbeb9d3,Aaron Marasco,2026-05-02,23:29:20,-07:00,2026-05-02T23:29:20-07:00,2,59
projects\projects.js,88,js,efbeb9d3,Aaron Marasco,2026-05-02,23:29:20,-07:00,2026-05-02T23:29:20-07:00,2,42
projects\projects.js,89,js,efbeb9d3,Aaron Marasco,2026-05-02,23:29:20,-07:00,2026-05-02T23:29:20-07:00,1,1
projects\projects.js,90,js,efbeb9d3,Aaron Marasco,2026-05-02,23:29:20,-07:00,2026-05-02T23:29:20-07:00,1,56
projects\projects.js,91,js,efbeb9d3,Aaron Marasco,2026-05-02,23:29:20,-07:00,2026-05-02T23:29:20-07:00,1,31
projects\projects.js,92,js,efbeb9d3,Aaron Marasco,2026-05-02,23:29:20,-07:00,2026-05-02T23:29:20-07:00,0,1
projects\index.html,1,html,5ae8f539,aaronmarasco,2026-04-03,22:18:00,-07:00,2026-04-03T22:18:00-07:00,0,13
projects\index.html,2,html,5ae8f539,aaronmarasco,2026-04-03,22:18:00,-07:00,2026-04-03T22:18:00-07:00,0,14
projects\index.html,3,html,5ae8f539,aaronmarasco,2026-04-03,22:18:00,-07:00,2026-04-03T22:18:00-07:00,0,4
projects\index.html,4,html,5ae8f539,aaronmarasco,2026-04-03,22:18:00,-07:00,2026-04-03T22:18:00-07:00,2,20
projects\index.html,5,html,5ae8f539,aaronmarasco,2026-04-03,22:18:00,-07:00,2026-04-03T22:18:00-07:00,2,68
projects\index.html,6,html,5ae8f539,aaronmarasco,2026-04-03,22:18:00,-07:00,2026-04-03T22:18:00-07:00,2,21
projects\index.html,7,html,8ca4e962,aaronmarasco,2026-04-03,23:24:46,-07:00,2026-04-03T23:24:46-07:00,2,41
projects\index.html,8,html,5ae8f539,aaronmarasco,2026-04-03,22:18:00,-07:00,2026-04-03T22:18:00-07:00,0,5
projects\index.html,9,html,5ae8f539,aaronmarasco,2026-04-03,22:18:00,-07:00,2026-04-03T22:18:00-07:00,0,4
projects\index.html,10,html,1cbbd99a,aaronmarasco,2026-04-24,23:38:32,-07:00,2026-04-24T23:38:32-07:00,2,38
projects\index.html,11,html,efbeb9d3,Aaron Marasco,2026-05-02,23:29:20,-07:00,2026-05-02T23:29:20-07:00,2,21
projects\index.html,12,html,efbeb9d3,Aaron Marasco,2026-05-02,23:29:20,-07:00,2026-05-02T23:29:20-07:00,3,58
projects\index.html,13,html,efbeb9d3,Aaron Marasco,2026-05-02,23:29:20,-07:00,2026-05-02T23:29:20-07:00,3,22
projects\index.html,14,html,efbeb9d3,Aaron Marasco,2026-05-02,23:29:20,-07:00,2026-05-02T23:29:20-07:00,2,4
projects\index.html,15,html,efbeb9d3,Aaron Marasco,2026-05-02,23:29:20,-07:00,2026-05-02T23:29:20-07:00,2,100
projects\index.html,16,html,1cbbd99a,aaronmarasco,2026-04-24,23:38:32,-07:00,2026-04-24T23:38:32-07:00,2,26
projects\index.html,17,html,c74c0763,aaronmarasco,2026-04-18,23:55:56,-07:00,2026-04-18T23:55:56-07:00,2,48
projects\index.html,18,html,1cbbd99a,aaronmarasco,2026-04-24,23:38:32,-07:00,2026-04-24T23:38:32-07:00,2,47
projects\index.html,19,html,5ae8f539,aaronmarasco,2026-04-03,22:18:00,-07:00,2026-04-03T22:18:00-07:00,0,5
projects\index.html,20,html,c74c0763,aaronmarasco,2026-04-18,23:55:56,-07:00,2026-04-18T23:55:56-07:00,0,5
contact\index.html,1,html,5ae8f539,aaronmarasco,2026-04-03,22:18:00,-07:00,2026-04-03T22:18:00-07:00,0,13
contact\index.html,2,html,5ae8f539,aaronmarasco,2026-04-03,22:18:00,-07:00,2026-04-03T22:18:00-07:00,0,14
contact\index.html,3,html,5ae8f539,aaronmarasco,2026-04-03,22:18:00,-07:00,2026-04-03T22:18:00-07:00,0,4
contact\index.html,4,html,5ae8f539,aaronmarasco,2026-04-03,22:18:00,-07:00,2026-04-03T22:18:00-07:00,2,20
contact\index.html,5,html,5ae8f539,aaronmarasco,2026-04-03,22:18:00,-07:00,2026-04-03T22:18:00-07:00,2,68
contact\index.html,6,html,5ae8f539,aaronmarasco,2026-04-03,22:18:00,-07:00,2026-04-03T22:18:00-07:00,2,20
contact\index.html,7,html,8ca4e962,aaronmarasco,2026-04-03,23:24:46,-07:00,2026-04-03T23:24:46-07:00,2,41
contact\index.html,8,html,5ae8f539,aaronmarasco,2026-04-03,22:18:00,-07:00,2026-04-03T22:18:00-07:00,0,5
contact\index.html,9,html,5ae8f539,aaronmarasco,2026-04-03,22:18:00,-07:00,2026-04-03T22:18:00-07:00,0,4
contact\index.html,10,html,5ae8f539,aaronmarasco,2026-04-03,22:18:00,-07:00,2026-04-03T22:18:00-07:00,2,14
contact\index.html,11,html,c801f98f,aaronmarasco,2026-04-03,22:44:22,-07:00,2026-04-03T22:44:22-07:00,0,0
contact\index.html,12,html,c74c0763,aaronmarasco,2026-04-18,23:55:56,-07:00,2026-04-18T23:55:56-07:00,2,38
contact\index.html,13,html,c801f98f,aaronmarasco,2026-04-03,22:44:22,-07:00,2026-04-03T22:44:22-07:00,4,44
contact\index.html,14,html,c801f98f,aaronmarasco,2026-04-03,22:44:22,-07:00,2026-04-03T22:44:22-07:00,4,52
contact\index.html,15,html,c801f98f,aaronmarasco,2026-04-03,22:44:22,-07:00,2026-04-03T22:44:22-07:00,4,21
contact\index.html,16,html,c801f98f,aaronmarasco,2026-04-03,22:44:22,-07:00,2026-04-03T22:44:22-07:00,2,5
contact\index.html,17,html,c74c0763,aaronmarasco,2026-04-18,23:55:56,-07:00,2026-04-18T23:55:56-07:00,2,48
contact\index.html,18,html,5ae8f539,aaronmarasco,2026-04-03,22:18:00,-07:00,2026-04-03T22:18:00-07:00,0,5
contact\index.html,19,html,c74c0763,aaronmarasco,2026-04-18,23:55:56,-07:00,2026-04-18T23:55:56-07:00,0,5
